<?xml version="1.0" encoding="UTF-8"?>
<beans xmlns="http://www.springframework.org/schema/beans"
	xmlns:xsi="http://www.w3.org/2001/XMLSchema-instance" 
	xmlns:aop="http://www.springframework.org/schema/aop"
	xsi:schemaLocation="http://www.springframework.org/schema/beans 
	http://www.springframework.org/schema/beans/spring-beans-4.0.xsd">
	
	<bean id="currencyConvertor" class="com.cg.CurrencyConvertorImpl" autowire="constructor">
	<!-- <constructor-arg type="double" value="44.25"></constructor-arg> -->
	<!-- <property name="exchangeRate"> -->
	<!-- <property name="exchangeService">
	<ref bean="exchangeService"/>

	</property> -->
	</bean>
	
	<bean id="exchangeService" class="com.cg.ExchangeServiceImpl">
	<!-- <property name="exchangeService" value="20"></property> -->
	<constructor-arg type="double">
	<value>45</value>
	</constructor-arg>
	
	</bean>
</beans>